{
  "producers_coords": [
    [
      -12.0455631,
      -77.0948257
    ],
    [
      -12.0460718,
      -77.0835943
    ],
    [
      -12.0491302,
      -76.9560811
    ],
    [
      -12.0655888,
      -77.1175553
    ]
  ],
  "consumers_coords": [
    [
      -12.1206214,
      -77.0294993
    ],
    [
      -12.0727512,
      -77.095353
    ],
    [
      -12.1278182,
      -76.9863774
    ]
  ],
  "intermediates_coords": [
    [
      -12.0487464,
      -76.9543721
    ],
    [
      -12.0489182,
      -77.1125811
    ],
    [
      -12.0490005,
      -77.1132187
    ],
    [
      -12.0491325,
      -77.1145175
    ]
  ],
  "supply_s": [
    24,
    45,
    25,
    28
  ],
  "fixed_cost_f": [
    202,
    220,
    128,
    231
  ],
  "d_ih": [
    [
      10.959507343567063,
      3.0237266753554746,
      14.923056323553663
    ],
    [
      10.164276393038586,
      3.2304458750093112,
      13.941219540067488
    ],
    [
      11.265855867098674,
      15.37057804755581,
      9.349259377531174
    ],
    [
      11.362659448812,
      2.5421900883040816,
      15.852394531955614
    ]
  ],
  "d_hj": [
    [
      11.428089079744144,
      12.048840420104847,
      12.094876055571149,
      12.191938740518157
    ],
    [
      15.560989120314549,
      3.245412109150029,
      3.2785455927272023,
      3.3526475545119965
    ],
    [
      9.456005717484969,
      16.286970002300894,
      16.34050900926649,
      16.452057468133468
    ]
  ]
}